segment,count,mean,std
Balanced Lifestyle,358157,0.9907846724130022,1.1357854639693348
High Stress / Low Sleep,89180,4.1094366996161025,1.472961246683461
Other,552663,1.9229390237183277,1.5888867318408197
